,asteroid_Id,name,absolute magnitude,estimated diameter(min),estimated diameter(max),is potentially hazardous asteroid,close approach date,close approach: Earth miss distance,relative velocity,orbiting body
0,2138893,138893 (2000 YH66),18.08,0.6435095206,1.4389310323,False,2021-10-01,64.71671553724111,17.1713267438,Earth
1,2386504,386504 (2009 BP58),18.7,0.4836764882,1.0815335068,False,2021-10-01,31.780410670129964,17.1073616275,Earth
2,3607823,(2012 QL14),24.4,0.0350392641,0.0783501764,False,2021-10-01,49.369182736271995,22.4017287306,Earth
3,3636861,(2013 JE1),19.2,0.3841978911,0.8590926012,False,2021-10-01,26.46324392765735,21.3341866669,Earth
4,3638335,(2013 JV17),27.8,0.0073207399,0.016369672,False,2021-10-01,71.07072943882694,8.6677101656,Earth
5,3829425,(2018 RR5),26.3,0.0146067964,0.0326617897,False,2021-10-01,33.852034972709646,11.4459380794,Earth
6,3831475,(2018 TB3),26.7,0.0121494041,0.0271668934,False,2021-10-01,15.884428575915463,15.6242633551,Earth
7,54196397,(2021 RG14),23.79,0.0464039528,0.1037623929,False,2021-10-01,43.15250208787186,4.9970419191,Earth
8,54200468,(2021 SZ2),23.21,0.0606114923,0.1355314169,False,2021-10-01,23.214702125269852,16.3968608372,Earth
9,54201824,(2021 TX),31.18,0.0015436718,0.0034517551,False,2021-10-01,0.042385624346248,17.717946631,Earth
10,54202334,(2021 TF1),25.91,0.0174805453,0.0390876876,False,2021-10-01,2.229681887248823,14.9151376933,Earth
11,54204646,(2021 TK4),23.3,0.058150704,0.130028927,False,2021-10-01,35.35874247291115,1.431484125,Earth
12,54204656,(2021 TC5),27.01,0.0105330702,0.0235526609,False,2021-10-01,4.694689766046023,6.6990842925,Earth
13,2264357,264357 (2000 AZ93),21.05,0.1638909515,0.3664713084,True,2021-10-06,58.33075620729973,7.2655861504,Earth
14,2365424,365424 (2010 KX7),21.9,0.1108038821,0.2477650126,True,2021-10-06,56.111399759515535,18.8191021732,Earth
15,2503871,503871 (2000 SL),18.16,0.620233153,1.3868834919,False,2021-10-06,65.57702456873432,23.8621572082,Earth
16,2537342,537342 (2015 KN120),20.46,0.21505769,0.4808836139,False,2021-10-06,38.74480503445462,18.0927915044,Earth
17,3014184,(1998 SD9),24.09,0.0404161533,0.0903732663,False,2021-10-06,4.065387072645154,10.8166406798,Earth
18,3288934,(2005 QQ11),22.3,0.0921626549,0.2060819612,False,2021-10-06,32.86605010205048,4.5285167201,Earth
19,3386134,(2007 SW2),21.3,0.1460679643,0.3266178974,False,2021-10-06,52.59402078607756,23.8648217876,Earth
20,3602702,(2012 HA2),21.2,0.1529519353,0.3420109247,False,2021-10-06,19.678893517036155,21.375184255,Earth
21,3761267,(2016 TH93),22.6,0.0802703167,0.1794898848,False,2021-10-06,67.03258348007817,16.5650219744,Earth
22,3799312,(2018 CW2),25.8,0.0183888672,0.0411187571,False,2021-10-06,65.52720307754122,12.0817459072,Earth
23,3831202,(2018 TQ1),23.8,0.046190746,0.1032856481,False,2021-10-06,27.431009333568362,10.9870442163,Earth
24,54076927,(2020 UM5),26.0,0.0167708462,0.0375007522,False,2021-10-06,65.13951983840133,27.5099223666,Earth
25,54195890,(2021 RP12),24.57,0.0324007435,0.0724502651,False,2021-10-06,1.930490455667479,9.654957856,Earth
26,54199807,(2021 ST),25.99,0.0168482569,0.0376738478,False,2021-10-06,2.309188667217723,9.0694555563,Earth
27,54201817,(2021 SL4),24.66,0.0310852938,0.0695088301,False,2021-10-06,18.227824591283127,6.9499715115,Earth
28,54202344,(2021 TR1),25.07,0.0257368254,0.0575492912,False,2021-10-06,7.216745371387957,12.7958971298,Earth
29,54202993,(2021 TU1),22.4,0.0880146521,0.1968067451,False,2021-10-06,39.96602199407916,10.0384640277,Earth
30,54203033,(2021 TL3),24.95,0.0271991277,0.0608190985,False,2021-10-06,10.713770731824154,13.3615040483,Earth
31,54204649,(2021 TQ4),29.94,0.0027324673,0.0061099827,False,2021-10-06,0.381267899042595,6.2277126622,Earth
32,54204650,(2021 TR4),27.8,0.0073207399,0.016369672,False,2021-10-06,0.753028284974784,11.5077731697,Earth
33,54204651,(2021 TS4),27.91,0.0069591304,0.0155610887,False,2021-10-06,1.5874223577695972,8.4681188169,Earth
34,54204653,(2021 TU4),26.29,0.0146742183,0.0328125497,False,2021-10-06,4.674848196633675,13.719563177,Earth
35,54206540,(2021 TG8),27.4,0.0088014652,0.0196806745,False,2021-10-06,2.8732297236649154,8.4671600079,Earth
36,54206546,(2021 TQ8),26.98,0.0106795998,0.023880311,False,2021-10-06,4.3251107863346006,10.7189679326,Earth
37,54215643,(2021 VQ),24.43,0.0345585074,0.0772751717,False,2021-10-06,6.346235889450503,6.6589128873,Earth
38,54216377,(2021 VD4),23.48,0.0535247906,0.1196850702,False,2021-10-06,31.24557256900611,7.4516579958,Earth
39,2162694,162694 (2000 UH11),19.6,0.3195618867,0.7145621017,False,2021-10-07,54.23877642280615,21.9362699285,Earth
40,2363027,363027 (1998 ST27),19.64,0.313729225,0.7015198735,True,2021-10-07,28.075549542414883,13.9025172577,Earth
41,3729141,(2015 TQ21),27.4,0.0088014652,0.0196806745,False,2021-10-07,4.113097678053413,20.7275908032,Earth
42,3753621,(2016 KL1),21.2,0.1529519353,0.3420109247,True,2021-10-07,60.78958654677379,13.9654664513,Earth
43,3774099,(2017 HX3),21.8,0.1160259082,0.2594418179,True,2021-10-07,38.52294955319082,8.2202492339,Earth
44,3775206,(2017 LX),26.3,0.0146067964,0.0326617897,False,2021-10-07,41.669435479227296,15.9679083407,Earth
45,3837881,(2019 AF12),19.64,0.313729225,0.7015198735,False,2021-10-07,47.17434344956827,11.3726841132,Earth
46,3872646,(2019 SS8),25.4,0.022108281,0.0494356193,False,2021-10-07,48.543012193029156,11.1678141098,Earth
47,54017662,(2020 MO3),24.6,0.0319561887,0.0714562102,False,2021-10-07,16.137004937210133,8.8269592797,Earth
48,54137802,(2021 HB),26.74,0.0119276525,0.0266710417,False,2021-10-07,73.45185794151301,14.1863413855,Earth
49,54144234,(2021 JR2),24.5,0.0334622374,0.0748238376,False,2021-10-07,63.071301011653894,8.5051256899,Earth
50,54185580,(2021 PR16),26.57,0.0128989683,0.02884297,False,2021-10-07,9.513357794468392,1.0102583162,Earth
51,54200440,(2021 SD2),26.87,0.0112345318,0.0251211767,False,2021-10-07,2.2010319354117263,6.6188559724,Earth
52,54201813,(2021 TN),25.84,0.0180532326,0.0403682552,False,2021-10-07,12.802549990628645,10.0999553333,Earth
53,54202995,(2021 TX1),27.3,0.0092162655,0.0206081961,False,2021-10-07,0.48769855566474496,17.8362195729,Earth
54,54204648,(2021 TP4),24.62,0.0316632126,0.0708010957,False,2021-10-07,4.7497822334700714,21.6078928524,Earth
55,54206543,(2021 TM8),27.79,0.0073545309,0.016445231,False,2021-10-07,4.536785085359811,6.6201407865,Earth
56,54208045,(2021 TU10),26.89,0.011131533,0.0248908644,False,2021-10-07,2.340227323044045,11.5633513552,Earth
57,54208623,(2021 TH12),22.88,0.0705594158,0.1577756503,False,2021-10-07,7.389914689613656,12.767350365,Earth
58,54209295,(2021 TU13),25.71,0.0191670368,0.0428587972,False,2021-10-07,0.915568614697834,9.3271281602,Earth
59,54209297,(2021 TZ13),25.83,0.0181365625,0.0405545866,False,2021-10-07,6.639375802954395,9.9078941766,Earth
60,54209298,(2021 TA14),25.65,0.0197040262,0.044059542,False,2021-10-07,8.870841420406162,11.0266953052,Earth
61,54210929,(2021 TN22),23.65,0.0494942761,0.1106725658,False,2021-10-07,46.321015731793935,1.2811730526,Earth
62,54215212,(2021 UF9),23.55,0.0518268695,0.1158884032,False,2021-10-07,34.2404947743927,4.15858126,Earth
63,3036044,(2000 EY106),19.43,0.3455850738,0.7727517171,False,2021-10-08,55.07689391178633,20.3412758261,Earth
64,3732894,(2015 UC67),19.63,0.3151773333,0.7047579421,False,2021-10-08,70.53154236306455,11.0014554397,Earth
65,3831166,(2018 SR3),25.5,0.0211132445,0.0472106499,False,2021-10-08,61.618687637490986,16.0847362409,Earth
66,3869331,(2019 SB6),26.8,0.0116025908,0.0259441818,False,2021-10-08,7.786134446969141,7.0151371424,Earth
67,54016461,(2020 GB1),26.9,0.0110803882,0.0247765013,False,2021-10-08,22.140449873776713,6.1553183726,Earth
68,54016667,(2020 HM3),24.8,0.0291443905,0.0651688382,False,2021-10-08,38.80988891921917,15.6179315277,Earth
69,54185140,(2021 PB15),21.87,0.1123453177,0.2512117673,False,2021-10-08,8.347821236856781,5.9170441217,Earth
70,54193831,(2021 RG4),23.82,0.0457672667,0.1023387195,False,2021-10-08,25.528836243753396,5.1474538837,Earth
71,54200293,(2021 RL25),23.27,0.0589596608,0.1318378096,False,2021-10-08,42.18610087989716,4.15733971,Earth
72,54200438,(2021 SC2),24.73,0.0300992017,0.067303861,False,2021-10-08,11.483725357558809,12.3891107458,Earth
73,54206544,(2021 TO8),27.89,0.0070235225,0.0157050737,False,2021-10-08,3.211694216389713,10.1284424204,Earth
74,54208624,(2021 TR12),25.6,0.0201629919,0.0450858206,False,2021-10-08,5.000266049678754,12.2010737454,Earth
75,54209300,(2021 TH14),24.52,0.0331554538,0.0741378485,False,2021-10-08,31.890053716613558,2.5270553639,Earth
76,54210295,(2021 TR21),26.36,0.0142087207,0.0317716653,False,2021-10-08,3.219052696258421,4.6356841597,Earth
77,2533372,533372 (2014 GG17),20.2,0.2424124811,0.5420507863,True,2021-10-02,24.73660110965242,24.4163146261,Earth
78,3789115,(2017 VV1),20.21,0.2412986969,0.5395602892,False,2021-10-02,38.54497912609,23.549126077,Earth
79,3799247,(2018 CC1),23.5,0.0530340723,0.1185877909,False,2021-10-02,29.041486039566216,10.6665320875,Earth
80,3989315,(2020 BZ13),29.9,0.0027832677,0.0062235757,False,2021-10-02,53.467475580799146,31.6809901648,Earth
81,54145576,(2021 JM7),23.91,0.0439091446,0.0981838322,False,2021-10-02,72.25821237796224,23.1225604497,Earth
82,54190789,(2021 QJ2),23.8,0.046190746,0.1032856481,False,2021-10-02,20.97989736368139,8.0393985202,Earth
83,54203037,(2021 SP5),26.51,0.0132603497,0.0296510433,False,2021-10-02,6.384262650738987,5.2785480949,Earth
84,54203013,(2021 TW2),25.72,0.0190789723,0.0426618789,False,2021-10-02,2.71660561570569,4.147060281,Earth
85,54204654,(2021 TV4),22.3,0.0921626549,0.2060819612,False,2021-10-02,43.014579523796854,17.032767777,Earth
86,54208039,(2021 TL10),26.36,0.0142087207,0.0317716653,False,2021-10-02,3.781525817430143,15.416869922,Earth
87,2100004,100004 (1983 VA),16.49,1.3383046182,2.9925401008,False,2021-10-03,60.74100351650727,27.009525564,Earth
88,2283460,283460 (2001 PD1),18.42,0.5502435705,1.2303820278,False,2021-10-03,41.17246441374613,3.1683121631,Earth
89,2308635,308635 (2005 YU55),21.9,0.1108038821,0.2477650126,True,2021-10-03,36.92735014592745,9.0479611684,Earth
90,3120889,(2002 GQ5),20.85,0.1797028549,0.4018277992,False,2021-10-03,41.625668139034154,10.1735256485,Earth
91,3350633,(2006 TU7),21.9,0.1108038821,0.2477650126,True,2021-10-03,67.95937515138021,27.3670395112,Earth
92,3617387,(2012 VE46),20.2,0.2424124811,0.5420507863,True,2021-10-03,50.176809217308346,17.3786914768,Earth
93,3662633,(2014 DE23),24.7,0.0305179233,0.0682401509,False,2021-10-03,57.113600440891226,19.7060135699,Earth
94,3745996,(2016 EK84),21.45,0.1363185559,0.3048175575,False,2021-10-03,36.7410995860347,19.5691276347,Earth
95,3759288,(2016 RM20),26.2,0.0152951935,0.0342010925,False,2021-10-03,15.121748550523806,5.1984294137,Earth
96,3785769,(2017 TJ4),25.2,0.0242412481,0.0542050786,False,2021-10-03,18.107207628488027,11.7558987451,Earth
97,3827354,(2018 RJ3),27.8,0.0073207399,0.016369672,False,2021-10-03,58.861535389095174,19.3625301728,Earth
98,3873144,(2019 SY8),24.8,0.0291443905,0.0651688382,False,2021-10-03,33.72560119593533,2.3966859078,Earth
99,3873208,(2019 TO),21.6,0.1272198785,0.2844722965,False,2021-10-03,74.28820531369642,19.4378954381,Earth
100,54145460,(2021 JG6),24.01,0.0419329075,0.0937648318,False,2021-10-03,18.051548304814972,4.2422456234,Earth
101,54200437,(2021 SZ1),26.52,0.0131994239,0.0295148091,False,2021-10-03,0.8747248955976761,13.66183742,Earth
102,54202336,(2021 TG1),28.2,0.0060891262,0.0136157002,False,2021-10-03,0.292837651007556,11.0095057793,Earth
103,54202992,(2021 TV1),28.2,0.0060891262,0.0136157002,False,2021-10-03,0.161202012218243,10.2516760991,Earth
104,54205437,(2021 TP6),25.13,0.0250354255,0.0559809132,False,2021-10-03,2.452350432936074,12.0897207453,Earth
105,54205441,(2021 TT6),25.6,0.0201629919,0.0450858206,False,2021-10-03,8.803737021930038,16.1365661642,Earth
106,54207047,(2021 TP9),25.15,0.0248058993,0.0554676771,False,2021-10-03,4.0284541111429615,9.8006004569,Earth
107,2494710,494710 (2005 MO13),20.8,0.1838886721,0.411187571,True,2021-10-04,62.01639749435018,13.9156882109,Earth
108,2519354,519354 (2011 KR12),21.48,0.1344481952,0.3006353038,False,2021-10-04,55.80352910831041,15.049115281,Earth
109,3070801,(2001 CQ36),22.5,0.0840533402,0.1879489824,False,2021-10-04,34.09654206977588,7.0067776891,Earth
110,3608823,(2012 SU9),27.2,0.0096506147,0.0215794305,False,2021-10-04,29.906590520541,7.7716017231,Earth
111,54131529,(2021 EM4),27.14,0.0099209892,0.0221840062,False,2021-10-04,31.468394811545,5.996296268,Earth
112,54194969,(2021 RG7),20.62,0.1997813652,0.4467247133,False,2021-10-04,53.0156497865319,19.8167618871,Earth
113,54200306,(2021 SV1),26.48,0.0134448195,0.0300635304,False,2021-10-04,2.612467441722781,8.8820688193,Earth
114,54201810,(2021 TK),26.04,0.0164647438,0.0368162863,False,2021-10-04,2.636025097024865,8.0577288288,Earth
115,54202330,(2021 TB1),25.88,0.0177237239,0.0396314515,False,2021-10-04,6.52667801284476,5.1281646837,Earth
116,54207056,(2021 TG10),27.76,0.0074568426,0.016674007,False,2021-10-04,2.758677997071945,12.7112926501,Earth
117,54207058,(2021 TJ10),28.98,0.0042516252,0.0095069231,False,2021-10-04,1.410036743256245,6.8175141656,Earth
118,2408982,408982 (2002 SP),20.65,0.1970402621,0.4405954204,False,2021-10-05,51.332725360297054,27.2092371851,Earth
119,3136727,(2002 RO137),20.47,0.2140695897,0.4786741544,False,2021-10-05,30.596240321509452,4.9760710592,Earth
120,3154520,(2003 LH),25.2,0.0242412481,0.0542050786,False,2021-10-05,51.70496798992298,14.4225100391,Earth
121,3256323,(2004 TF10),20.94,0.1724070324,0.3855138443,False,2021-10-05,71.69923426694795,4.8500926989,Earth
122,3429684,(2008 TZ),25.4,0.022108281,0.0494356193,False,2021-10-05,22.39063328250265,7.8626886855,Earth
123,3430490,(2008 TM26),23.42,0.0550243571,0.1230382028,False,2021-10-05,14.038381689766032,12.3885076504,Earth
124,3648538,(2013 SU19),24.9,0.0278326768,0.0622357573,False,2021-10-05,12.508250798350762,8.7656211388,Earth
125,3840693,(2019 FS),19.79,0.2927891485,0.6546964391,False,2021-10-05,35.356487449578566,18.2083865118,Earth
126,3842680,(2019 KK5),22.8,0.0732073989,0.1636967205,False,2021-10-05,66.59985497590044,21.7134423222,Earth
127,3893382,(2019 WW),24.6,0.0319561887,0.0714562102,False,2021-10-05,53.934615604299786,8.7467770672,Earth
128,3991547,(2020 CA2),24.3,0.0366906138,0.0820427065,False,2021-10-05,29.698283998684797,9.5079848162,Earth
129,54054609,(2020 SK4),30.38,0.0022312846,0.0049893041,False,2021-10-05,56.7681247896725,16.8415206109,Earth
130,54143417,(2021 JB1),27.2,0.0096506147,0.0215794305,False,2021-10-05,61.077560531671054,9.9364224891,Earth
131,54189957,(2021 PY40),20.9,0.1756123185,0.3926810818,False,2021-10-05,12.542258777419352,9.9427478415,Earth
132,54193837,(2021 RS4),25.08,0.0256185754,0.0572848762,False,2021-10-05,11.170473132417444,10.156302837,Earth
133,54196755,(2021 RJ15),24.13,0.0396784754,0.0887237683,False,2021-10-05,34.37730268473833,4.6033265859,Earth
134,54200005,(2021 SE1),26.52,0.0131994239,0.0295148091,False,2021-10-05,3.3135036152901187,4.2740794771,Earth
135,54201811,(2021 TM),27.39,0.0088420909,0.0197715164,False,2021-10-05,0.683825581894679,14.2054221794,Earth
136,54202997,(2021 SX4),25.79,0.0184737464,0.0413085527,False,2021-10-05,6.042232851817627,6.8428305804,Earth
137,54202342,(2021 TP1),25.0,0.02658,0.0594346868,False,2021-10-05,19.134966118607267,15.3897867055,Earth
138,54202998,(2021 TY1),25.33,0.0228325794,0.0510551996,False,2021-10-05,7.037808726158445,9.953599464,Earth
139,54203701,(2021 TQ3),27.1,0.0101054342,0.0225964377,False,2021-10-05,0.752340374129376,7.8843008599,Earth
140,54203700,(2021 TR3),25.43,0.021804944,0.0487573371,False,2021-10-05,1.3117095040562552,10.2692980624,Earth
141,54203710,(2021 TC4),26.54,0.0130784109,0.0292442157,False,2021-10-05,5.695834316379083,5.4019777765,Earth
142,54203711,(2021 TD4),23.52,0.052547853,0.1175005715,False,2021-10-05,21.618252972185307,18.6985900586,Earth
143,54205440,(2021 TS6),25.85,0.0179702855,0.0401827799,False,2021-10-05,0.955246338079638,7.9049739267,Earth
144,54206547,(2021 TR8),22.92,0.0692715614,0.1548959201,False,2021-10-05,46.497805393272564,7.8868761027,Earth
145,54208621,(2021 TK12),25.63,0.0198863453,0.04446722,False,2021-10-05,3.4949413125092263,13.0626998269,Earth
146,54208628,(2021 TZ12),25.26,0.0235806068,0.0527278398,False,2021-10-05,11.23092171222025,6.6998158737,Earth
147,54215198,(2021 UV7),21.33,0.1440638367,0.3221365319,True,2021-10-05,37.61531963370049,20.3264658754,Earth
148,2085770,85770 (1998 UP1),20.5,0.2111324448,0.4721064988,False,2021-10-10,49.15008218954296,16.418454716,Earth
149,2230111,230111 (2001 BE10),19.1,0.4023045798,0.8995803882,True,2021-10-10,72.04036767543228,14.5943018388,Earth
150,2474585,474585 (2004 HC2),19.46,0.3408434689,0.7621491661,False,2021-10-10,68.92605292093717,25.9032226766,Earth
151,3368864,(2007 DL41),20.82,0.1822027706,0.4074177807,True,2021-10-10,30.71851613020562,19.5581630325,Earth
152,3612845,(2012 UC34),23.2,0.0608912622,0.1361570015,False,2021-10-10,54.86027182776852,18.902877818,Earth
153,3781579,(2017 RN16),28.9,0.004411182,0.0098637028,False,2021-10-10,44.5079413680961,4.7591106071,Earth
154,3805271,(2018 HA1),22.1,0.1010543415,0.2259643771,False,2021-10-10,46.13532881179598,20.1550182139,Earth
155,3839564,(2019 EK2),27.5,0.008405334,0.0187948982,False,2021-10-10,32.173169555561934,14.7938439929,Earth
156,54194324,(2021 RF5),24.36,0.0356906927,0.079806815,False,2021-10-10,7.622821174971374,8.7508637208,Earth
157,54195891,(2021 RQ12),23.68,0.0488151892,0.1091540813,False,2021-10-10,29.248515638883454,7.7513550972,Earth
158,54202343,(2021 TQ1),28.15,0.0062309602,0.0139328506,False,2021-10-10,1.203016793001622,5.3619633629,Earth
159,54202991,(2021 TT1),26.24,0.0150160248,0.0335768522,False,2021-10-10,0.374784028161055,17.0710684342,Earth
160,54203031,(2021 TJ3),24.13,0.0396784754,0.0887237683,False,2021-10-10,35.95166155810805,3.3112610156,Earth
161,54203035,(2021 TN3),25.17,0.0245784775,0.0549591464,False,2021-10-10,21.495893957153843,4.80332951,Earth
162,54203038,(2021 TO3),26.38,0.0140784543,0.0314803809,False,2021-10-10,4.968567353090205,9.7134147214,Earth
163,54206539,(2021 TE8),26.4,0.0139493823,0.0311917671,False,2021-10-10,2.49242737319376,11.0883353571,Earth
164,54208044,(2021 TT10),23.41,0.0552783379,0.1236061213,False,2021-10-10,0.6445903989319091,14.6403132849,Earth
165,54214054,(2021 RY122),21.45,0.1363185559,0.3048175575,False,2021-10-10,73.43549763421386,0.8927927142,Earth
166,3565392,(2011 JB10),24.7,0.0305179233,0.0682401509,False,2021-10-11,70.45314389387532,9.2011432434,Earth
167,3685816,(2014 RE11),22.7,0.0766575574,0.1714115092,False,2021-10-11,56.95771775493551,24.3794027449,Earth
168,3752011,(2016 GV221),24.9,0.0278326768,0.0622357573,False,2021-10-11,44.310307442521655,17.6999490821,Earth
169,3837986,(2019 BJ2),23.3,0.058150704,0.130028927,False,2021-10-11,65.90117273977735,6.7434764723,Earth
170,3856729,(2019 SV4),21.28,0.1474195145,0.3296400556,False,2021-10-11,71.01325176800384,15.6089072172,Earth
171,3869320,(2019 SE5),26.7,0.0121494041,0.0271668934,False,2021-10-11,6.239170563864878,6.555282883,Earth
172,3879168,(2019 TZ6),27.7,0.0076657557,0.0171411509,False,2021-10-11,22.218609315489246,8.1641418504,Earth
173,54191343,(2021 QF5),23.71,0.0481454197,0.1076564312,False,2021-10-11,5.912396665967396,7.0919175508,Earth
174,54196396,(2021 RH14),22.07,0.1024601475,0.2291078547,False,2021-10-11,46.88513734669412,3.4244081313,Earth
175,54201460,(2021 SS3),25.28,0.0233644185,0.052244428,False,2021-10-11,9.459160012065666,5.0860649337,Earth
176,54203014,(2021 TY2),27.05,0.01034082,0.0231227764,False,2021-10-11,3.887580115730947,5.1551526869,Earth
177,54205438,(2021 TQ6),25.4,0.022108281,0.0494356193,False,2021-10-11,3.673564834437041,5.2614431542,Earth
178,54207053,(2021 TW9),24.54,0.0328514828,0.0734581487,False,2021-10-11,16.196082931247574,13.5877848401,Earth
179,54208040,(2021 TM10),24.67,0.0309424699,0.069189466,False,2021-10-11,14.985383330195083,21.4479093373,Earth
180,54208619,(2021 TK11),28.56,0.0051588747,0.0115355944,False,2021-10-11,0.136056345606535,10.2840987771,Earth
181,54208627,(2021 TA13),23.3,0.058150704,0.130028927,False,2021-10-11,35.809313245767605,14.0475013727,Earth
182,54209218,(2021 TC13),26.0,0.0167708462,0.0375007522,False,2021-10-11,4.480346611100438,9.4612347461,Earth
183,54209294,(2021 TT13),29.7,0.0030517923,0.0068240151,False,2021-10-11,0.053535482712662,13.5327673711,Earth
184,54209483,(2021 TH15),28.88,0.0044519982,0.0099549705,False,2021-10-11,0.31493216434210497,12.517334439,Earth
185,54210566,(2021 UB),24.78,0.0294140602,0.0657718381,False,2021-10-11,13.1155713862566,11.6056916501,Earth
186,54212933,(2021 QU64),22.25,0.0943093989,0.2108822268,False,2021-10-11,46.43784023898667,11.0832762716,Earth
187,54214058,(2021 RZ122),20.28,0.233644185,0.5224442801,False,2021-10-11,54.75076784746487,12.2667645162,Earth
188,3177232,(2004 FG29),26.0,0.0167708462,0.0375007522,False,2021-10-12,71.62081817512966,17.192818557,Earth
189,3471974,(2009 UQ5),24.2,0.0384197891,0.0859092601,False,2021-10-12,49.07010592657864,11.7077952004,Earth
190,3635072,(2013 HL11),23.3,0.058150704,0.130028927,False,2021-10-12,58.168239140045465,16.6031522896,Earth
191,3742056,(2016 CD31),26.9,0.0110803882,0.0247765013,False,2021-10-12,49.04371693710957,24.546606332,Earth
192,3748335,(2016 FU6),28.9,0.004411182,0.0098637028,False,2021-10-12,49.16310345742392,19.8062210703,Earth
193,3843777,(2019 RY),24.8,0.0291443905,0.0651688382,False,2021-10-12,18.593775942325347,4.9869041715,Earth
194,54055074,(2020 TC2),20.77,0.1864468183,0.41690776,False,2021-10-12,46.692539573574074,25.3830616466,Earth
195,54055076,(2020 TE2),26.3,0.0146067964,0.0326617897,False,2021-10-12,17.58006566458526,9.4389781249,Earth
196,54075978,(2020 UF3),28.38,0.0056047336,0.0125325654,False,2021-10-12,42.51076689892698,29.352913833,Earth
197,54175297,(2021 LQ24),20.07,0.2573682542,0.5754929116,False,2021-10-12,16.744727943386273,9.7431102251,Earth
198,54184711,(2021 PD9),22.14,0.0992098919,0.2218400624,False,2021-10-12,31.12202272500987,3.5492909983,Earth
199,54200006,(2021 SF1),27.18,0.0097399107,0.0217791025,False,2021-10-12,2.38926513083537,3.3841937768,Earth
200,54202341,(2021 TN1),26.36,0.0142087207,0.0317716653,False,2021-10-12,2.879836324639003,3.6176243915,Earth
201,54207046,(2021 TN9),26.95,0.0108281678,0.0242125192,False,2021-10-12,3.988066680506091,8.594170957,Earth
202,54208043,(2021 TS10),25.58,0.0203495578,0.0455029946,False,2021-10-12,6.487333578557529,8.4146039895,Earth
203,54208626,(2021 TY12),24.75,0.0298232505,0.0666868155,False,2021-10-12,7.784932652480496,11.6001160278,Earth
204,54209216,(2021 TE13),29.35,0.0035855433,0.0080175186,False,2021-10-12,0.026918565928864997,10.8678010731,Earth
205,54209492,(2021 TS15),26.83,0.0114433973,0.0255882143,False,2021-10-12,5.282247009265735,3.9319502806,Earth
206,54211501,(2021 UO),20.44,0.2170475943,0.4853331752,False,2021-10-12,12.601696554334143,26.7458179637,Earth
207,54212683,(2021 UP1),20.75,0.1881719895,0.42076536,True,2021-10-12,62.4943448270145,24.5761972156,Earth
208,54213628,(2021 UQ4),24.3,0.0366906138,0.0820427065,False,2021-10-12,28.1945732729347,9.803186855,Earth
209,2286079,286079 (2001 TW1),19.11,0.4004561582,0.8954471917,False,2021-10-09,22.677469022086445,19.9045515947,Earth
210,2302156,302156 (2001 SF286),18.93,0.4350658314,0.9728367737,False,2021-10-09,74.4404625999912,17.7255088516,Earth
211,2471108,471108 (2010 CL1),19.46,0.3408434689,0.7621491661,False,2021-10-09,62.35457748184581,11.0105152815,Earth
212,3388395,(2007 TR68),25.9,0.0175612318,0.0392681082,False,2021-10-09,64.66230424875832,20.4041164029,Earth
213,3760954,(2016 TG56),23.5,0.0530340723,0.1185877909,False,2021-10-09,50.45608727249973,14.6808631718,Earth
214,3781723,(2017 SG12),23.5,0.0530340723,0.1185877909,False,2021-10-09,47.183414884887625,3.3323585426,Earth
215,54106629,(2021 BE3),24.0,0.0421264611,0.0941976306,False,2021-10-09,66.26842895824065,7.7687075818,Earth
216,54178156,(2021 PA2),19.2,0.3841978911,0.8590926012,False,2021-10-09,31.279216606376565,16.2302427773,Earth
217,54184280,(2021 PT6),21.16,0.1557955241,0.3483693825,False,2021-10-09,30.617281800477283,10.4726532982,Earth
218,54192181,(2021 RE1),22.9,0.0699125232,0.1563291544,False,2021-10-09,22.165319352800832,6.7562883895,Earth
219,54197592,(2021 RV16),20.87,0.1780553292,0.3981438198,False,2021-10-09,73.49706795868508,14.5051434127,Earth
220,54201459,(2021 TB),22.91,0.0695913044,0.1556108872,False,2021-10-09,15.557987084485122,13.7732573137,Earth
221,54203011,(2021 SG5),23.38,0.0560473362,0.1253256538,False,2021-10-09,29.749765921516396,12.609653797,Earth
222,54202996,(2021 TZ1),28.14,0.006259721,0.0139971617,False,2021-10-09,1.436508026513597,4.1729661956,Earth
223,54206542,(2021 TN8),26.71,0.0120935826,0.0270420729,False,2021-10-09,6.215349601351807,13.7185654071,Earth
224,54208041,(2021 TQ10),25.21,0.0241298697,0.0539560289,False,2021-10-09,5.84150585564285,6.4514005359,Earth
225,54208042,(2021 TR10),24.45,0.0342416731,0.0765667087,False,2021-10-09,7.277017395784591,20.9469024151,Earth
226,54209296,(2021 TV13),26.78,0.0117099483,0.0261842403,False,2021-10-09,4.486978030361159,7.5959315987,Earth
227,54214056,(2021 UZ5),22.12,0.1001278698,0.2238927232,False,2021-10-09,24.028365314194527,24.3301263888,Earth
228,54216374,(2021 VB4),21.59,0.1278070988,0.285785361,True,2021-10-09,19.970930714720705,23.949295099,Earth
229,3092390,(2001 UP),25.7,0.0192555078,0.0430566244,False,2021-10-13,48.658232921296765,17.917362071,Earth
230,3428531,(2008 SY150),24.7,0.0305179233,0.0682401509,False,2021-10-13,38.21231060836112,15.6778931863,Earth
231,3673167,(2014 KA91),25.5,0.0211132445,0.0472106499,False,2021-10-13,24.287902733656463,5.753934101,Earth
232,3836100,(2018 VF4),25.3,0.0231502122,0.0517654482,False,2021-10-13,31.0435963558179,11.3167982171,Earth
233,3873141,(2019 SW8),25.7,0.0192555078,0.0430566244,False,2021-10-13,53.32235541440484,16.2605280166,Earth
234,3879314,(2019 UN3),24.2,0.0384197891,0.0859092601,False,2021-10-13,41.45842807254676,20.9485820425,Earth
235,54076013,(2020 UC4),26.09,0.0160899605,0.0359782453,False,2021-10-13,57.1411519105287,20.12913385,Earth
236,54110078,(2021 CT1),25.3,0.0231502122,0.0517654482,False,2021-10-13,30.951757236078954,5.5764909962,Earth
237,54200444,(2021 SF2),24.32,0.0363542322,0.0812905344,False,2021-10-13,31.54051239920248,3.1243450226,Earth
238,54201815,(2021 TO),24.26,0.0373727432,0.0835679943,False,2021-10-13,11.812810901582681,7.0509032417,Earth
239,54203028,(2021 TG3),24.27,0.037201031,0.0831840342,False,2021-10-13,31.164396740561408,5.8019044033,Earth
240,54208049,(2021 TX10),27.96,0.0068007213,0.0152068751,False,2021-10-13,0.941923615530835,8.6284650988,Earth
241,54209220,(2021 TG13),25.1,0.0253837029,0.0567596853,False,2021-10-13,10.117677613659685,10.7611521906,Earth
242,54209307,(2021 TN14),28.51,0.0052790403,0.0118042929,False,2021-10-13,0.622457409025196,10.6955171427,Earth
243,54210567,(2021 UC),25.91,0.0174805453,0.0390876876,False,2021-10-13,5.47886839661687,16.69423405,Earth
244,54211170,(2021 UN),28.85,0.0045139316,0.010093458,False,2021-10-13,0.557088315921498,13.109682799,Earth
245,54212701,(2021 UH2),25.12,0.0251509837,0.0562393094,False,2021-10-13,5.97251010166204,4.4604633113,Earth
246,54213620,(2021 UH4),25.53,0.0208235599,0.0465628955,False,2021-10-13,8.808966664269498,8.1114165043,Earth
247,54216178,(2021 VF1),22.62,0.079534394,0.1778443116,False,2021-10-13,35.6852148114223,8.5023643447,Earth
248,54216188,(2021 UW11),25.32,0.0229379698,0.0512908597,False,2021-10-13,16.817298214198374,5.6363056396,Earth
249,54219299,(2021 VN11),24.822,0.0288506084,0.0645119217,False,2021-10-13,18.845268108016974,7.0064904675,Earth
250,54231712,(2021 TP114),27.441,0.008636842,0.0193125659,False,2021-10-13,2.2486896878925138,5.4626279823,Earth
251,54231711,(2021 UC74),27.42,0.0087207729,0.019500241,False,2021-10-13,1.736285507750666,7.3778732571,Earth
252,2086450,86450 (2000 CK33),18.33,0.573528464,1.2824486324,False,2021-10-14,68.03552351900676,14.9440853364,Earth
253,2417655,417655 (2006 YF13),19.9,0.2783267681,0.6223575734,False,2021-10-14,45.893116291739176,9.2894321806,Earth
254,2513171,513171 (2004 MD6),20.4,0.2210828104,0.4943561926,True,2021-10-14,68.04169072111708,25.6471760182,Earth
255,3673168,(2014 KB91),20.24,0.2379879547,0.5321572445,True,2021-10-14,43.82165096681593,18.2335736472,Earth
256,3729845,(2015 TG145),24.4,0.0350392641,0.0783501764,False,2021-10-14,31.385910256054174,16.5996161792,Earth
257,3760883,(2016 TD55),21.9,0.1108038821,0.2477650126,False,2021-10-14,57.60911059341312,12.658932927,Earth
258,3879167,(2019 TA7),26.3,0.0146067964,0.0326617897,False,2021-10-14,23.60691762635862,15.5421581678,Earth
259,54144105,(2021 JK2),24.77,0.0295498293,0.0660754271,False,2021-10-14,49.59961901672091,10.2564535373,Earth
260,54200298,(2021 SM1),25.53,0.0208235599,0.0465628955,False,2021-10-14,2.631618856321672,7.2206809068,Earth
261,54202331,(2021 TC1),25.35,0.0226232491,0.0505871228,False,2021-10-14,5.6043910774835215,6.5969410003,Earth
262,54203702,(2021 TS3),27.25,0.0094309399,0.0210882227,False,2021-10-14,4.165046256480689,4.1461356755,Earth
263,54204652,(2021 TT4),28.13,0.0062886146,0.0140617696,False,2021-10-14,1.951953471513397,3.1483680193,Earth
264,54204655,(2021 TB5),25.71,0.0191670368,0.0428587972,False,2021-10-14,8.477017772134467,5.4727508342,Earth
265,54205435,(2021 TN6),25.06,0.0258556212,0.0578149266,False,2021-10-14,3.817704596230517,19.795259173,Earth
266,54206541,(2021 TF8),24.12,0.0398616229,0.0891332986,False,2021-10-14,10.35392595087555,10.5057039064,Earth
267,54206545,(2021 TP8),27.67,0.007772397,0.0173796081,False,2021-10-14,1.676513289837704,12.3560196008,Earth
268,54207054,(2021 TX9),25.27,0.0234722638,0.0524855773,False,2021-10-14,14.818383622605417,9.3305219545,Earth
269,54209306,(2021 TL14),26.89,0.011131533,0.0248908644,False,2021-10-14,0.478848255916823,6.0489047859,Earth
270,54209305,(2021 TM14),27.98,0.0067383719,0.0150674576,False,2021-10-14,0.14655430133485,8.5398824429,Earth
271,54210569,(2021 UE),25.36,0.0225193047,0.050354696,False,2021-10-14,5.671199017860667,10.6669323708,Earth
272,54215213,(2021 UG9),25.02,0.0263363131,0.0588897864,False,2021-10-14,18.67963831300226,6.5786037752,Earth
273,54215654,(2021 UF11),23.18,0.0614546821,0.1374168468,False,2021-10-14,39.087672760965425,7.8127824868,Earth
274,2260141,260141 (2004 QT24),18.31,0.5788352575,1.2943149835,True,2021-10-15,46.829930317221226,18.5159379412,Earth
275,3471660,(2009 UM),21.0,0.1677084622,0.3750075218,False,2021-10-15,72.0930585584905,26.2989777538,Earth
276,3731587,(2015 UG),22.81,0.0728710415,0.1629446024,False,2021-10-15,73.29427203892799,8.79923012,Earth
277,3739011,(2015 YU7),21.3,0.1460679643,0.3266178974,True,2021-10-15,56.26077149737525,7.6819347849,Earth
278,3782066,(2017 TH1),25.45,0.0216050351,0.0483103272,False,2021-10-15,5.756903278548779,8.7672382631,Earth
279,3789101,(2017 VH1),23.9,0.04411182,0.0986370281,False,2021-10-15,48.772380284847124,11.6613590205,Earth
280,3791345,(2017 XV60),25.8,0.0183888672,0.0411187571,False,2021-10-15,18.317587726420292,7.5761236138,Earth
281,3843783,(2019 RE1),28.9,0.004411182,0.0098637028,False,2021-10-15,69.6136607408997,3.9191468969,Earth
282,3989235,(2020 BF10),27.2,0.0096506147,0.0215794305,False,2021-10-15,47.80181207308295,7.5089371439,Earth
283,3991654,(2020 DA1),29.8,0.002914439,0.0065168838,False,2021-10-15,73.08567232020637,11.1540097041,Earth
284,54139093,(2021 HB2),28.34,0.0057089334,0.0127655632,False,2021-10-15,20.849507172039186,6.8438641055,Earth
285,54143220,(2021 JT),27.34,0.0090480497,0.0202320542,False,2021-10-15,60.37722594219444,5.6602353213,Earth
286,54145782,(2021 JG9),25.2,0.0242412481,0.0542050786,False,2021-10-15,65.90388363269919,14.3201482422,Earth
287,54191780,(2021 QL5),20.64,0.1979497587,0.4426291165,False,2021-10-15,54.56627660340269,12.1964030326,Earth
288,54192201,(2021 RR1),22.31,0.0917392059,0.2051351006,False,2021-10-15,28.160740248575078,5.1233921342,Earth
289,54200472,(2021 SF3),23.43,0.0547715431,0.1224728936,False,2021-10-15,21.082837019369006,11.6408802105,Earth
290,54200473,(2021 SG3),25.28,0.0233644185,0.052244428,False,2021-10-15,11.530669109325663,6.9359753518,Earth
291,54201455,(2021 SM3),22.78,0.0738847787,0.1652113876,False,2021-10-15,4.972471049668707,15.8032198956,Earth
292,54207051,(2021 TU9),25.79,0.0184737464,0.0413085527,False,2021-10-15,5.75695164354015,8.7666188704,Earth
293,54208038,(2021 TK10),27.4,0.0088014652,0.0196806745,False,2021-10-15,2.242319017719203,9.8351564843,Earth
294,54208046,(2021 TV10),27.81,0.0072871041,0.0162944602,False,2021-10-15,0.7341785793601091,11.5940265032,Earth
295,54209217,(2021 TD13),27.23,0.0095182033,0.0212833496,False,2021-10-15,2.686901058724241,9.9762947272,Earth
296,54209312,(2021 TY14),27.22,0.0095621373,0.0213815891,False,2021-10-15,0.7833092724689169,8.8302696967,Earth
297,54210292,(2021 TC21),26.48,0.0134448195,0.0300635304,False,2021-10-15,2.107721475741973,7.306807625,Earth
298,54214717,(2021 UT6),19.71,0.3037770614,0.6792661593,False,2021-10-15,63.02377631151868,13.536340797,Earth
299,54216181,(2021 VJ1),24.27,0.037201031,0.0831840342,False,2021-10-15,9.28659325910054,19.4760116759,Earth
300,3014117,(1998 SL36),20.23,0.2390864572,0.5346135707,True,2021-10-16,39.251358771016086,11.3184864426,Earth
301,3725757,(2015 PL57),25.7,0.0192555078,0.0430566244,False,2021-10-16,41.169949508993774,5.286242666,Earth
302,3788124,(2017 UD8),24.1,0.040230458,0.0899580388,False,2021-10-16,29.44392742273713,9.9959923,Earth
303,3989654,(2020 CK1),26.6,0.0127219879,0.0284472297,False,2021-10-16,45.02180156934687,7.1243759564,Earth
304,54200449,(2021 SK2),23.73,0.0477040198,0.1066694311,False,2021-10-16,35.593789269954755,5.9013206445,Earth
305,54209219,(2021 TF13),26.37,0.0141434375,0.0316256878,False,2021-10-16,2.8678840681772697,18.0053872483,Earth
306,54209302,(2021 TF14),23.73,0.0477040198,0.1066694311,False,2021-10-16,44.277753898824564,2.7474350724,Earth
307,54209311,(2021 TZ14),23.57,0.0513517179,0.1148259319,False,2021-10-16,20.351081132634185,14.2316886924,Earth
308,54209484,(2021 TJ15),28.41,0.0055278338,0.0123606121,False,2021-10-16,0.38429587960969097,12.3396289821,Earth
309,54210568,(2021 UD),24.64,0.0313729225,0.0701519874,False,2021-10-16,20.73721420872556,16.1607629208,Earth
310,54210931,(2021 UL),30.3,0.0023150212,0.0051765448,False,2021-10-16,0.036125656596737,10.1318492622,Earth
311,54211504,(2021 UP),25.57,0.0204434871,0.0457130269,False,2021-10-16,0.800208371456662,9.4560034305,Earth
312,54212930,(2021 UP2),23.82,0.0457672667,0.1023387195,False,2021-10-16,14.926514593658199,20.5060173151,Earth
313,54213613,(2021 UD4),26.46,0.0135692229,0.0303417048,False,2021-10-16,2.611630636117362,7.8444338486,Earth
314,54213622,(2021 UK4),25.48,0.0213086029,0.0476474846,False,2021-10-16,11.541420094891295,5.3888590859,Earth
315,54214057,(2021 UA6),22.98,0.067383719,0.1506745763,False,2021-10-16,24.269484558057588,8.7617608685,Earth
316,54216382,(2021 VK4),24.95,0.0271991277,0.0608190985,False,2021-10-16,8.84583250120742,5.6874461847,Earth
317,54225014,(2021 WQ3),23.834,0.0454731434,0.1016810398,False,2021-10-16,20.687460201131607,6.0447650853,Earth
318,3092154,(1996 VB3),22.05,0.1034081995,0.2312277636,False,2021-10-20,3.364864363847017,15.3178260103,Earth
319,3076774,(2001 GP2),26.4,0.0139493823,0.0311917671,False,2021-10-20,43.75275836516055,11.2260980624,Earth
320,3440319,(2008 WK60),22.4,0.0880146521,0.1968067451,False,2021-10-20,53.240126387035765,17.8116899079,Earth
321,3472193,(2009 UJ14),20.5,0.2111324448,0.4721064988,False,2021-10-20,71.16021575806546,35.087094883,Earth
322,3733262,(2015 VW1),21.65,0.1243240006,0.2779969165,False,2021-10-20,52.40931252038536,4.5671552657,Earth
323,3760882,(2016 TJ55),23.9,0.04411182,0.0986370281,False,2021-10-20,57.44157362003314,26.856583989,Earth
324,3789459,(2017 WB1),27.7,0.0076657557,0.0171411509,False,2021-10-20,46.1114749527113,17.9012245433,Earth
325,3884023,(2019 UM9),27.3,0.0092162655,0.0206081961,False,2021-10-20,36.63463935391365,13.2095487971,Earth
326,54087653,(2020 UJ7),25.945,0.0172010507,0.0384627187,False,2021-10-20,43.72724417915589,11.2201777667,Earth
327,54106530,(2021 BP1),29.6,0.0031956189,0.007145621,False,2021-10-20,31.4031266371644,5.9042658238,Earth
328,54154694,(2021 LA1),25.22,0.024019003,0.0537081235,False,2021-10-20,33.98652027140502,6.3897827815,Earth
329,54179304,(2021 PH4),21.15,0.1565146436,0.3499773825,True,2021-10-20,11.329353236095418,9.9697211519,Earth
330,54192173,(2021 QJ6),20.95,0.1716148941,0.3837425691,False,2021-10-20,29.16161903829208,9.4384924085,Earth
331,54208048,(2021 TW10),24.32,0.0363542322,0.0812905344,False,2021-10-20,20.187685671566644,8.7546710038,Earth
332,54212258,(2021 US),26.22,0.0151549664,0.033887535,False,2021-10-20,2.976097108621535,11.0616967697,Earth
333,54213611,(2021 UZ3),23.92,0.0437074004,0.0977327184,False,2021-10-20,13.383229352096809,13.7348685556,Earth
334,54213623,(2021 UL4),24.18,0.038775283,0.0867041687,False,2021-10-20,28.269615334393023,7.9419112197,Earth
335,54214046,(2021 UQ5),24.97,0.0269497646,0.0602615057,False,2021-10-20,11.6307679912207,15.4397693311,Earth
336,54215637,(2021 UV9),23.64,0.0497227313,0.1111834072,False,2021-10-20,27.837219999631582,5.064948099,Earth
337,54051068,(2020 PK3),24.7,0.0305179233,0.0682401509,False,2021-10-21,36.25455282925045,11.4200317199,Earth
338,54137454,(2021 GQ10),26.65,0.0124324001,0.0277996916,False,2021-10-21,9.391396919208145,6.4002731995,Earth
339,54138709,(2021 HY),25.34,0.0227276732,0.0508206223,False,2021-10-21,29.222150450435503,17.1277823172,Earth
340,54144934,(2021 JE5),22.09,0.1015207872,0.2270073813,False,2021-10-21,60.19708587185951,15.1815813095,Earth
341,54195868,(2021 RE10),24.01,0.0419329075,0.0937648318,False,2021-10-21,5.920008774064902,5.1218789952,Earth
342,54200446,(2021 SG2),25.59,0.0202560601,0.0452939273,False,2021-10-21,6.094752744510433,5.8645243884,Earth
343,54201814,(2021 SF4),24.65,0.031228777,0.0698296682,False,2021-10-21,11.409575587555887,7.2828146128,Earth
344,54202990,(2021 TS1),22.92,0.0692715614,0.1548959201,False,2021-10-21,23.229252717216042,15.0790467925,Earth
345,54203019,(2021 TC3),24.73,0.0300992017,0.067303861,False,2021-10-21,17.61588331412745,5.7919256318,Earth
346,54203705,(2021 TV3),24.32,0.0363542322,0.0812905344,False,2021-10-21,5.046707302200276,12.6312140086,Earth
347,54203712,(2021 TE4),26.93,0.0109283596,0.0244365549,False,2021-10-21,3.1909329043128167,6.0014403193,Earth
348,54209215,(2021 TB13),22.9,0.0699125232,0.1563291544,False,2021-10-21,29.323863957101242,7.3265316905,Earth
349,54210565,(2021 UA),24.14,0.0394961694,0.0883161196,False,2021-10-21,18.614658847550977,15.8911617534,Earth
350,54211781,(2021 UQ),23.98,0.0425162524,0.0950692305,False,2021-10-21,3.078641466897464,13.9807381029,Earth
351,54212444,(2021 UB1),27.28,0.0093015425,0.0207988814,False,2021-10-21,3.283013744290105,8.6620681112,Earth
352,54212948,(2021 UH3),24.59,0.0321036917,0.0717860371,False,2021-10-21,22.55550884993619,12.0370439943,Earth
353,54212949,(2021 UJ3),27.0,0.0105816886,0.023661375,False,2021-10-21,3.732065081500541,13.5656484132,Earth
354,54216379,(2021 VG4),23.82,0.0457672667,0.1023387195,False,2021-10-21,17.081724058218086,7.6078832685,Earth
355,54216384,(2021 VL4),26.21,0.0152249185,0.0340439527,False,2021-10-21,3.507554297883388,10.0518976177,Earth
356,3553061,(2010 XU10),27.4,0.0088014652,0.0196806745,False,2021-10-22,25.183479103967283,6.5786672703,Earth
357,3653322,(2013 UM9),24.6,0.0319561887,0.0714562102,False,2021-10-22,20.202597632127603,10.587146209,Earth
358,3693058,(2014 TX32),20.32,0.229379698,0.5129085974,False,2021-10-22,45.828860341426356,12.825165631,Earth
359,3759721,(2016 SX1),28.6,0.0050647146,0.0113250461,False,2021-10-22,43.69598930952805,11.7512969983,Earth
360,3761747,(2016 UO41),24.4,0.0350392641,0.0783501764,False,2021-10-22,37.25903957551675,21.2833464044,Earth
361,3789621,(2017 WK13),19.5,0.3346223745,0.7482383761,False,2021-10-22,46.229190569536264,36.5940072966,Earth
362,3831876,(2018 UC),25.9,0.0175612318,0.0392681082,False,2021-10-22,29.685219197823663,15.7041570965,Earth
363,3836095,(2018 VA4),28.3,0.0058150704,0.0130028927,False,2021-10-22,40.74668755802965,15.2959275468,Earth
364,3840765,(2019 GJ),24.3,0.0366906138,0.0820427065,False,2021-10-22,22.989094564868793,5.8577434755,Earth
365,3869345,(2019 SU6),26.4,0.0139493823,0.0311917671,False,2021-10-22,70.65622192529565,29.0216238924,Earth
366,54055066,(2020 TW1),27.5,0.008405334,0.0187948982,False,2021-10-22,63.36046661838464,18.920629594,Earth
367,54102026,(2020 YW3),25.73,0.0189913123,0.0424658654,False,2021-10-22,49.81720914855548,10.0780370748,Earth
368,54104267,(2021 AR),23.95,0.0431077124,0.0963917753,False,2021-10-22,69.23620108003476,11.2174138166,Earth
369,54144921,(2021 JJ4),26.13,0.0157962856,0.0353215683,False,2021-10-22,58.020611922786976,12.9981170244,Earth
370,54197673,(2021 RE19),24.2,0.0384197891,0.0859092601,False,2021-10-22,20.997146446886,5.6811520072,Earth
371,54200300,(2021 SN1),21.02,0.1661709017,0.3715694322,True,2021-10-22,24.708449318722423,21.6044752636,Earth
372,54201462,(2021 ST3),24.59,0.0321036917,0.0717860371,False,2021-10-22,15.917559013878634,6.9089152774,Earth
373,54210930,(2021 UK),24.45,0.0342416731,0.0765667087,False,2021-10-22,16.775791537177522,5.7589716325,Earth
374,54213618,(2021 TD32),21.83,0.1144339731,0.2558821427,True,2021-10-22,22.387313586089057,14.7197222497,Earth
375,54213608,(2021 UX3),23.62,0.0501828101,0.1122121746,False,2021-10-22,6.615951559032776,9.3204590222,Earth
376,54217193,(2021 VQ4),22.719,0.0759897432,0.1699182313,False,2021-10-22,29.499116829580938,11.5136769374,Earth
377,54220002,(2021 VK16),22.6,0.0802703167,0.1794898848,False,2021-10-22,21.76299592755041,11.3242634918,Earth
378,54222427,(2021 WF),19.67,0.3094246986,0.69189466,False,2021-10-22,46.11980207878826,36.538292054,Earth
379,54226401,(2021 XB1),21.947,0.1084313779,0.2424599319,False,2021-10-22,22.899997065454194,10.2981052673,Earth
380,2442742,442742 (2012 WP3),17.75,0.7491261831,1.6750970692,False,2021-10-23,55.558925206462504,12.4705993866,Earth
381,3150196,(2003 DF16),20.08,0.2561857545,0.5728487619,False,2021-10-23,59.57310196616883,13.5790123883,Earth
382,3152314,(2003 GG21),21.97,0.1072889455,0.2399053753,True,2021-10-23,19.15112660803146,17.2056386767,Earth
383,3328632,(2006 FK),21.3,0.1460679643,0.3266178974,False,2021-10-23,58.239389382996166,16.9046750317,Earth
384,3757572,(2016 NL56),20.9,0.1756123185,0.3926810818,True,2021-10-23,46.167458215612044,13.4985935581,Earth
385,3836414,(2018 WD2),26.2,0.0152951935,0.0342010925,False,2021-10-23,63.41400011144564,20.4278013601,Earth
386,3840745,(2019 FM2),20.61,0.2007035141,0.4487867009,True,2021-10-23,55.373203011286805,15.7460701209,Earth
387,3883104,(2019 UC8),26.2,0.0152951935,0.0342010925,False,2021-10-23,15.257189495372522,8.5989995162,Earth
388,54017045,(2020 JN2),23.8,0.046190746,0.1032856481,False,2021-10-23,44.98171512962443,13.5019032722,Earth
389,54167166,(2021 NL2),21.032,0.1652551401,0.3695217268,True,2021-10-23,46.10559165743866,13.4801887979,Earth
390,54202333,(2021 TE1),24.44,0.0343997255,0.0769201245,False,2021-10-23,3.614040350596799,12.4276567445,Earth
391,54203009,(2021 TT2),23.74,0.0474848397,0.1061793296,False,2021-10-23,21.04424838344059,11.6065142054,Earth
392,54206537,(2021 TZ7),22.49,0.0844413128,0.1888165155,False,2021-10-23,20.724182080039228,21.3713503199,Earth
393,54209314,(2021 TB15),23.56,0.0515887466,0.1153559443,False,2021-10-23,26.00443333404087,14.9623789203,Earth
394,54212437,(2021 UU),26.55,0.013018321,0.0291098508,False,2021-10-23,1.844170300548577,11.2357933392,Earth
395,54212442,(2021 UY),27.78,0.0073884779,0.0165211388,False,2021-10-23,1.454065535646786,5.9654309836,Earth
396,54212938,(2021 UW2),27.49,0.0084441313,0.0188816516,False,2021-10-23,4.136723774381022,2.8614745476,Earth
397,54212945,(2021 UE3),25.36,0.0225193047,0.050354696,False,2021-10-23,5.354754224575632,12.369549164,Earth
398,54213276,(2021 UL3),28.49,0.0053278866,0.0119135167,False,2021-10-23,0.517371622294559,8.9293899066,Earth
399,54215193,(2021 VB),25.77,0.0186446818,0.041690776,False,2021-10-23,4.095556654605498,7.0167366713,Earth
400,54215641,(2021 UA10),24.96,0.0270741591,0.0605396602,False,2021-10-23,10.457652745675745,10.189480101,Earth
401,54216184,(2021 VL1),24.68,0.0308003021,0.0688715693,False,2021-10-23,36.16589999454463,2.4925539006,Earth
402,54216318,(2021 VM2),24.33,0.0361871997,0.0809170384,False,2021-10-23,8.837845710284714,15.9239953299,Earth
403,54217980,(2021 UK20),28.685,0.0048702917,0.0108903034,False,2021-10-23,0.552130074037792,7.970077231,Earth
404,2052750,52750 (1998 KK17),16.5,1.332155667,2.978790628,False,2021-10-17,67.22492554555902,6.821642873,Earth
405,2453707,453707 (2010 XY72),18.76,0.4704949611,1.0520587161,True,2021-10-17,30.77834474651557,17.1553452014,Earth
406,2469219,469219 Kamo`oalewa (2016 HO3),24.33,0.0361871997,0.0809170384,False,2021-10-17,21.19409153410824,4.5080701372,Earth
407,3020897,(1999 FJ21),20.21,0.2412986969,0.5395602892,False,2021-10-17,9.700989008063154,12.8142208318,Earth
408,3067588,(2000 TH1),22.6,0.0802703167,0.1794898848,False,2021-10-17,43.93554498637346,15.9080538339,Earth
409,3277640,(2005 JO3),20.11,0.2526707542,0.5649889822,False,2021-10-17,39.30971048235446,22.0716200697,Earth
410,3373975,(2007 GW5),21.64,0.1248978541,0.2792800919,False,2021-10-17,68.42639474859548,12.5096416115,Earth
411,3611400,(2012 UC),25.0,0.02658,0.0594346868,False,2021-10-17,20.311335162704086,13.7809273178,Earth
412,3838102,(2019 CZ),26.3,0.0146067964,0.0326617897,False,2021-10-17,50.690088395391825,3.8087278192,Earth
413,54201816,(2021 SK4),25.57,0.0204434871,0.0457130269,False,2021-10-17,14.577077785319103,3.98457599,Earth
414,54201823,(2021 TW),26.18,0.0154367182,0.0345175513,False,2021-10-17,11.829869741176012,7.9969543788,Earth
415,54206536,(2021 RN67),21.63,0.1254743564,0.2805691903,False,2021-10-17,65.18885669233478,1.2624783082,Earth
416,54207050,(2021 TT9),24.25,0.0375452479,0.0839537266,False,2021-10-17,22.39335167027778,6.5291212822,Earth
417,54207057,(2021 TH10),25.24,0.0237987955,0.0532157244,False,2021-10-17,20.52282767039767,10.7013171077,Earth
418,54208622,(2021 TJ12),26.05,0.0163890951,0.0366471308,False,2021-10-17,2.10577327764075,9.5898505641,Earth
419,54209221,(2021 TH13),28.14,0.006259721,0.0139971617,False,2021-10-17,0.63355834888812,8.6084596181,Earth
420,54209482,(2021 TG15),26.48,0.0134448195,0.0300635304,False,2021-10-17,8.160221468734292,7.4385373316,Earth
421,54212698,(2021 UE2),24.64,0.0313729225,0.0701519874,False,2021-10-17,0.9485438448708801,6.4244045903,Earth
422,54212937,(2021 UU2),23.35,0.0568270323,0.1270691073,False,2021-10-17,19.381512189762237,21.5989221994,Earth
423,54213625,(2021 UN4),21.65,0.1243240006,0.2779969165,False,2021-10-17,31.908708406444898,17.4429482772,Earth
424,3735678,(2015 XT1),23.3,0.058150704,0.130028927,False,2021-10-18,11.462915171857786,9.1962376119,Earth
425,3760083,(2016 SZ35),22.5,0.0840533402,0.1879489824,False,2021-10-18,47.93758297099373,15.689706116,Earth
426,3826811,(2018 PG22),21.29,0.1467421834,0.3281254972,False,2021-10-18,26.88625144256417,9.7039299565,Earth
427,3829424,(2018 RO5),25.6,0.0201629919,0.0450858206,False,2021-10-18,29.127008658520573,5.6523833402,Earth
428,54016676,(2020 HW3),22.1,0.1010543415,0.2259643771,False,2021-10-18,56.30047578933877,29.6914216707,Earth
429,54135437,(2021 GB4),24.63,0.0315177333,0.0704757942,False,2021-10-18,53.84324112058527,12.6061609572,Earth
430,54158257,(2021 LH5),21.08,0.1616422833,0.3614431336,False,2021-10-18,37.492055431877226,19.2803334009,Earth
431,54192188,(2021 RO1),22.65,0.0784431412,0.1754041962,False,2021-10-18,18.527896929921965,6.8125182326,Earth
432,54205447,(2021 TW7),24.12,0.0398616229,0.0891332986,False,2021-10-18,10.211982599969199,10.3647913351,Earth
433,54207048,(2021 TQ9),22.07,0.1024601475,0.2291078547,False,2021-10-18,31.73233289170958,11.8586670793,Earth
434,54209223,(2021 TJ13),24.52,0.0331554538,0.0741378485,False,2021-10-18,10.687406904716823,11.6757505479,Earth
435,54209303,(2021 TG14),28.23,0.0060055803,0.0134288857,False,2021-10-18,0.249835862954352,11.3993595138,Earth
436,54209308,(2021 TO14),24.98,0.0268259417,0.0599846292,False,2021-10-18,2.436726371554126,15.7567033764,Earth
437,54209313,(2021 TA15),23.01,0.0664591797,0.1486072436,False,2021-10-18,30.317641231210835,2.0909581256,Earth
438,54209490,(2021 TQ15),27.55,0.0082140053,0.0183670741,False,2021-10-18,3.138135387892865,7.7506071689,Earth
439,54209493,(2021 TC16),24.95,0.0271991277,0.0608190985,False,2021-10-18,8.816873779366643,14.1238245124,Earth
440,54212925,(2021 UK2),26.82,0.0114962176,0.0257063241,False,2021-10-18,0.794635506724061,11.9685227182,Earth
441,54212940,(2021 UD3),26.52,0.0131994239,0.0295148091,False,2021-10-18,6.813059318978857,6.260145938,Earth
442,54213631,(2021 UB5),22.11,0.100590039,0.2249261651,False,2021-10-18,17.49029920837538,35.3408936095,Earth
443,54214063,(2021 UH6),23.78,0.0466181437,0.1042413384,False,2021-10-18,13.255991187575509,13.2992388073,Earth
444,2416195,416195 (2002 TR190),19.33,0.3618719966,0.8091703835,True,2021-10-19,32.92373819723753,16.740267752,Earth
445,3170208,(2003 YG136),25.3,0.0231502122,0.0517654482,False,2021-10-19,47.59031581048282,9.013241538,Earth
446,3256321,(2004 TD10),22.1,0.1010543415,0.2259643771,False,2021-10-19,57.485446651121435,22.8394348922,Earth
447,3430408,(2008 TV25),20.04,0.2609486033,0.5834988155,False,2021-10-19,72.39404538890864,23.5963046205,Earth
448,3467395,(2009 SJ18),24.6,0.0319561887,0.0714562102,False,2021-10-19,52.311596912076865,12.8694633993,Earth
449,3582523,(2011 UC64),27.9,0.0069912523,0.0156329154,False,2021-10-19,14.677897758867116,16.9762133985,Earth
450,3638502,(2013 JE29),23.55,0.0518268695,0.1158884032,False,2021-10-19,9.293418153286531,14.9500351759,Earth
451,3702321,(2014 YF),22.6,0.0802703167,0.1794898848,False,2021-10-19,10.576472155424712,4.4182762464,Earth
452,3739077,(2015 YO10),26.6,0.0127219879,0.0284472297,False,2021-10-19,56.508458267248756,11.9149535208,Earth
453,3781916,(2017 SU17),28.0,0.0066765941,0.0149293183,False,2021-10-19,68.51039559817706,21.9397649055,Earth
454,3781991,(2017 SP19),23.12,0.0631764148,0.1412667581,False,2021-10-19,10.666002411557649,6.9999927499,Earth
455,3788903,(2017 VD),20.83,0.1813656249,0.4055458661,True,2021-10-19,35.08936182775875,20.1762272452,Earth
456,3799787,(2018 EB),21.9,0.1108038821,0.2477650126,True,2021-10-19,61.07695644051221,19.8741469675,Earth
457,3827312,(2018 RU1),22.1,0.1010543415,0.2259643771,False,2021-10-19,56.11632223254853,3.9910145868,Earth
458,3879235,(2019 UA1),26.1,0.0160160338,0.0358129403,False,2021-10-19,11.534760730748458,10.5839281336,Earth
459,54065916,(2020 TH6),28.8,0.0046190746,0.0103285648,False,2021-10-19,2.7879508594799347,5.8575653101,Earth
460,54137799,(2021 HA),25.58,0.0203495578,0.0455029946,False,2021-10-19,47.35192647343088,5.5566416201,Earth
461,54203021,(2021 SJ5),23.95,0.0431077124,0.0963917753,False,2021-10-19,34.98811114698322,5.1115596872,Earth
462,54203015,(2021 TX2),25.21,0.0241298697,0.0539560289,False,2021-10-19,3.4545630821413598,10.7299535929,Earth
463,54203034,(2021 TM3),24.51,0.0333084924,0.0744800533,False,2021-10-19,11.83428811426646,8.9290277167,Earth
464,54209310,(2021 TX14),26.65,0.0124324001,0.0277996916,False,2021-10-19,0.5124956592393529,10.5555693325,Earth
465,54209496,(2021 TL20),23.63,0.049952241,0.1116966065,False,2021-10-19,4.7369063298393845,22.5027245299,Earth
466,54212697,(2021 UD2),26.01,0.0166937912,0.0373284519,False,2021-10-19,3.769684173633488,12.2439288597,Earth
467,54212924,(2021 UJ2),26.17,0.0155079709,0.0346768771,False,2021-10-19,6.228984011062756,5.2295307403,Earth
468,54213277,(2021 UM3),24.7,0.0305179233,0.0682401509,False,2021-10-19,2.9300590821988113,14.9102602052,Earth
469,54213632,(2021 UC5),24.93,0.0274507982,0.0613818507,False,2021-10-19,9.860597174654844,12.750952322,Earth
470,54213637,(2021 UO5),24.04,0.0413575665,0.0924783301,False,2021-10-19,28.67191265481513,6.3233595852,Earth
471,54214065,(2021 UL6),24.42,0.0347180222,0.0776318577,False,2021-10-19,5.9610397448189385,24.2061388219,Earth
472,54215642,(2021 UB10),24.82,0.0288771931,0.0645713667,False,2021-10-19,16.0173144789033,4.5146630016,Earth
473,54215217,(2021 VO),21.2,0.1529519353,0.3420109247,False,2021-10-19,52.67503539289776,12.9895514036,Earth
474,3263535,(2004 XJ29),21.36,0.1420872067,0.317716653,False,2021-10-24,13.13147120139232,7.8085413225,Earth
475,3549696,(2010 UP),24.7,0.0305179233,0.0682401509,False,2021-10-24,9.369608213839449,6.2788874978,Earth
476,3648846,(2013 TS4),20.9,0.1756123185,0.3926810818,False,2021-10-24,39.81898917403755,1.843607566,Earth
477,3769393,(2017 CF32),26.1,0.0160160338,0.0358129403,False,2021-10-24,24.240399575614532,8.6700082914,Earth
478,3774053,(2017 HK2),25.0,0.02658,0.0594346868,False,2021-10-24,40.890741450645756,7.8237709579,Earth
479,3836927,(2018 XM5),24.4,0.0350392641,0.0783501764,False,2021-10-24,25.72077052040041,9.8024476526,Earth
480,54197590,(2021 RT16),23.58,0.0511157782,0.1142983547,False,2021-10-24,29.210676892197984,3.955918778,Earth
481,54199065,(2021 RN23),22.13,0.099667824,0.2228640296,False,2021-10-24,56.96403664928601,2.1000231019,Earth
482,54212438,(2021 UT),29.32,0.0036354232,0.0081290534,False,2021-10-24,0.149957473359906,11.2153575016,Earth
483,54212692,(2021 UY1),27.86,0.0071212294,0.015923553,False,2021-10-24,2.109906756547572,4.6853250112,Earth
484,54212929,(2021 UO2),23.76,0.0470494961,0.1052058716,False,2021-10-24,19.82031335019644,19.0357079367,Earth
485,54212935,(2021 UV2),28.39,0.0055789822,0.0124749835,False,2021-10-24,1.067181508167586,10.3576903352,Earth
486,54215651,(2021 UF10),27.61,0.0079901508,0.0178665204,False,2021-10-24,6.072060976639697,6.1695070386,Earth
487,2267337,267337 (2001 VK5),17.94,0.6863647587,1.5347582577,True,2021-10-31,46.405596647116425,11.9717708732,Earth
488,2462959,462959 (2011 DU),21.09,0.1608996045,0.3597824532,True,2021-10-31,63.13404021908236,22.3155257999,Earth
489,3363879,(2006 YF),21.05,0.1638909515,0.3664713084,False,2021-10-31,72.43922487315544,20.3139710312,Earth
490,3582232,(2011 UG21),19.4,0.3503926411,0.7835017643,False,2021-10-31,59.11666573010584,10.8685341864,Earth
491,3600238,(2012 DE61),19.59,0.3210369174,0.7178603705,False,2021-10-31,69.69314808810529,8.1086296294,Earth
492,3774723,(2017 KP4),21.0,0.1677084622,0.3750075218,False,2021-10-31,39.30229261213137,17.6254708833,Earth
493,3836169,(2018 VM6),22.9,0.0699125232,0.1563291544,False,2021-10-31,30.43072233594277,17.3890397685,Earth
494,54191332,(2021 PG46),19.69,0.3065878759,0.6855513317,False,2021-10-31,27.07781676598441,13.4729572359,Earth
495,54196413,(2021 RD15),20.83,0.1813656249,0.4055458661,False,2021-10-31,30.342990949317226,12.6118159564,Earth
496,54209495,(2021 TK20),22.49,0.0844413128,0.1888165155,False,2021-10-31,15.324043048140231,25.8682677222,Earth
497,54212589,(2021 UG1),25.16,0.0246919266,0.0552128263,False,2021-10-31,4.417044676324187,7.3462196992,Earth
498,54212694,(2021 UA2),24.76,0.0296862251,0.0663804174,False,2021-10-31,13.848370703174883,15.5576068961,Earth
499,54212926,(2021 UL2),26.52,0.0131994239,0.0295148091,False,2021-10-31,3.185595566466744,21.8304464234,Earth
500,54212943,(2021 UA3),27.3,0.0092162655,0.0206081961,False,2021-10-31,2.8461387162713008,13.9796738019,Earth
501,54212942,(2021 UC3),23.68,0.0488151892,0.1091540813,False,2021-10-31,17.173187896740345,25.9050051886,Earth
502,54212947,(2021 UG3),21.47,0.1350687798,0.3020229733,False,2021-10-31,33.706957800743176,9.4183918774,Earth
503,54213282,(2021 UU3),27.57,0.0081386988,0.0181986838,False,2021-10-31,0.9425701775249751,8.2985725196,Earth
504,54213610,(2021 UY3),24.01,0.0419329075,0.0937648318,False,2021-10-31,16.686726545380072,5.8810294528,Earth
505,54214064,(2021 UJ6),28.25,0.0059505208,0.013305769,False,2021-10-31,0.34653443014365204,17.3030247246,Earth
506,54214728,(2021 UN7),22.95,0.0683211199,0.1527706684,False,2021-10-31,14.644732913393845,15.6494666836,Earth
507,54215194,(2021 UR7),27.43,0.0086807046,0.0194106455,False,2021-10-31,4.250444021052745,6.5701894982,Earth
508,54215192,(2021 VA),25.5,0.0211132445,0.0472106499,False,2021-10-31,0.8774755665931531,16.9758859144,Earth
509,54215208,(2021 VJ),24.89,0.0279611466,0.0625230245,False,2021-10-31,14.188460232682129,6.3928269515,Earth
510,54216183,(2021 UU11),25.06,0.0258556212,0.0578149266,False,2021-10-31,29.206285461683922,4.1793726228,Earth
511,54216381,(2021 VF4),25.97,0.0170041519,0.0380224396,False,2021-10-31,3.62933797446662,13.0628702258,Earth
512,54217949,(2021 VG5),25.858,0.0179042023,0.0400350135,False,2021-10-31,5.931708344764418,4.3028968028,Earth
513,54217961,(2021 VV5),27.295,0.0092375112,0.0206557029,False,2021-10-31,6.011229411329903,7.6902674952,Earth
514,54219293,(2021 VG11),23.63,0.049952241,0.1116966065,False,2021-10-31,33.010366494049066,4.0073946303,Earth
515,54220007,(2021 VG19),21.214,0.1519689898,0.3398129917,True,2021-10-31,18.951966066113243,13.1682577947,Earth
516,54221660,(2021 VV26),23.53,0.0523064176,0.1169607054,False,2021-10-31,28.712509013837245,9.5575142298,Earth
517,2418198,418198 (2008 CN70),19.0,0.4212646106,0.9419763057,False,2021-10-30,74.36311734468613,25.8457581358,Earth
518,3599863,(2012 DF31),24.58,0.0322518756,0.0721173863,False,2021-10-30,54.510710239846055,26.3918956741,Earth
519,3672464,(2014 KM39),24.4,0.0350392641,0.0783501764,False,2021-10-30,48.86660905104188,12.8176833811,Earth
520,3736807,(2015 YA),27.4,0.0088014652,0.0196806745,False,2021-10-30,31.658987404735136,6.4388282335,Earth
521,3764887,(2016 WB10),20.7,0.1925550782,0.4305662442,False,2021-10-30,54.44502627314559,16.1567069067,Earth
522,3774436,(2017 HZ49),25.5,0.0211132445,0.0472106499,False,2021-10-30,50.36385698425031,5.8428914343,Earth
523,3781986,(2017 SD20),26.1,0.0160160338,0.0358129403,False,2021-10-30,37.65100545759964,10.4405459613,Earth
524,54137136,(2021 GZ8),22.4,0.0880146521,0.1968067451,False,2021-10-30,61.135455326235096,11.7263255529,Earth
525,54184277,(2021 PQ6),22.99,0.0670741189,0.1499822895,False,2021-10-30,36.24314982136842,7.5282894331,Earth
526,54210564,(2021 SL28),24.9,0.0278326768,0.0622357573,False,2021-10-30,9.842859310329583,9.779992948,Earth
527,54210293,(2021 TP21),20.2,0.2424124811,0.5420507863,True,2021-10-30,69.11402426024917,26.8653755379,Earth
528,54212441,(2021 UZ),23.87,0.0447254765,0.1000092059,False,2021-10-30,15.291707303982074,10.488637022,Earth
529,54212690,(2021 UW1),26.15,0.0156514644,0.0349977383,False,2021-10-30,0.382407819852208,13.8156136434,Earth
530,54212927,(2021 UM2),24.77,0.0295498293,0.0660754271,False,2021-10-30,10.15440436945787,16.4140246562,Earth
531,54213604,(2021 UP3),26.74,0.0119276525,0.0266710417,False,2021-10-30,1.202456878093786,8.2473500048,Earth
532,54214060,(2021 UE6),25.59,0.0202560601,0.0452939273,False,2021-10-30,3.2722426826903184,10.8401435801,Earth
533,54214721,(2021 UY6),25.93,0.0173202827,0.0387293295,False,2021-10-30,4.237422603573909,6.7815139885,Earth
534,54215210,(2021 VL),24.44,0.0343997255,0.0769201245,False,2021-10-30,16.961220789804184,7.0643963027,Earth
535,54216272,(2021 VW1),24.92,0.0275775053,0.0616651765,False,2021-10-30,8.079593497609103,14.4570185842,Earth
536,54216340,(2021 VO3),24.68,0.0308003021,0.0688715693,False,2021-10-30,4.230060159361646,24.1993515451,Earth
537,54216370,(2021 VU3),27.84,0.0071871213,0.0160708919,False,2021-10-30,2.115494207072498,10.6832506603,Earth
538,54219298,(2021 VM11),24.171,0.0389363266,0.0870642732,False,2021-10-30,16.01177177310129,12.8537170309,Earth
539,54219304,(2021 VT11),21.872,0.1122418914,0.2509804992,False,2021-10-30,70.66223866186833,15.5229043685,Earth
540,2297300,297300 (1998 SC15),19.32,0.3635423218,0.8129053443,True,2021-10-28,36.4242819050989,9.4240172986,Earth
541,3150194,(2003 DZ15),22.3,0.0921626549,0.2060819612,False,2021-10-28,54.767296497247145,15.6617091283,Earth
542,3478009,(2009 WD11),22.01,0.1053307015,0.2355266087,False,2021-10-28,74.09614326550863,11.4484951768,Earth
543,3674962,(2014 OC4),25.5,0.0211132445,0.0472106499,False,2021-10-28,47.674148631736806,5.8568171633,Earth
544,3733147,(2015 VR1),21.0,0.1677084622,0.3750075218,False,2021-10-28,70.44073938809278,9.8742141167,Earth
545,3762440,(2016 UW80),23.91,0.0439091446,0.0981838322,False,2021-10-28,37.910441165469756,7.5009586098,Earth
546,54158069,(2021 LW3),23.09,0.0640552863,0.1432319745,False,2021-10-28,50.49955513271692,12.4738360308,Earth
547,54200447,(2021 SH2),23.2,0.0608912622,0.1361570015,False,2021-10-28,19.709266013547367,11.8997854126,Earth
548,54200452,(2021 SN2),21.54,0.1307841086,0.2924421572,False,2021-10-28,51.16297963420567,24.2112482642,Earth
549,54203030,(2021 TH3),24.48,0.0337718597,0.0755161741,False,2021-10-28,21.881296292529626,5.8639825006,Earth
550,54212590,(2021 UJ1),26.34,0.0143401923,0.0320656449,False,2021-10-28,1.644818422954627,9.0196630319,Earth
551,54212591,(2021 UM1),26.45,0.0136318556,0.0304817558,False,2021-10-28,5.288899461986977,7.5118060855,Earth
552,54212688,(2021 UT1),25.03,0.0262153087,0.0586192124,False,2021-10-28,10.164500954100976,13.2681875114,Earth
553,54212691,(2021 UX1),29.27,0.0037201031,0.0083184034,False,2021-10-28,0.810127188950846,3.4617429542,Earth
554,54213280,(2021 UQ3),27.62,0.0079534394,0.0177844312,False,2021-10-28,2.240499503705754,6.8681998499,Earth
555,54213636,(2021 UN5),23.7,0.0483676488,0.1081533507,False,2021-10-28,30.990138514399767,11.7886779363,Earth
556,54216317,(2021 VJ2),23.36,0.0565659358,0.1264852778,False,2021-10-28,24.979302201392862,12.9044451105,Earth
557,54217979,(2021 VO7),21.585,0.1281017246,0.2864441643,False,2021-10-28,36.26031176381375,23.6330840177,Earth
558,54219280,(2021 VD10),21.347,0.1429403946,0.319624439,False,2021-10-28,33.360378506198316,22.6047221377,Earth
559,54224992,(2021 WQ2),23.292,0.0583653342,0.1305088548,False,2021-10-28,11.246712635066396,12.7761539157,Earth
560,2485823,485823 (2012 DF61),20.52,0.2091967709,0.4677782004,False,2021-10-29,62.14886308716247,18.1833573728,Earth
561,3163746,(2003 UC5),20.1,0.2538370294,0.5675968529,False,2021-10-29,50.647898923772715,41.6232622894,Earth
562,3297391,(2005 VR),20.75,0.1881719895,0.42076536,False,2021-10-29,42.93808096251643,22.3834859224,Earth
563,3445629,(2009 CA2),18.8,0.4619074603,1.0328564805,False,2021-10-29,27.596533871521746,21.8402931177,Earth
564,3610765,(2012 TJ146),20.7,0.1925550782,0.4305662442,True,2021-10-29,53.151069832558186,21.0522122417,Earth
565,3693520,(2014 UV),20.52,0.2091967709,0.4677782004,False,2021-10-29,54.4966032205442,17.7192652776,Earth
566,3761649,(2016 UW35),24.6,0.0319561887,0.0714562102,False,2021-10-29,20.988671637791775,5.1455584797,Earth
567,3773747,(2017 GG4),19.8,0.2914439045,0.6516883822,False,2021-10-29,43.458835920158485,31.0932975433,Earth
568,3819574,(2018 HG2),24.26,0.0373727432,0.0835679943,False,2021-10-29,12.98160249940847,9.9503309635,Earth
569,3843858,(2019 RU3),18.06,0.6494638409,1.4522452972,True,2021-10-29,7.990972302852796,31.0813468335,Earth
570,54160164,(2021 LO6),27.57,0.0081386988,0.0181986838,False,2021-10-29,40.25197444799933,5.8694593269,Earth
571,54188103,(2021 PN40),20.9,0.1756123185,0.3926810818,False,2021-10-29,47.63638882784734,0.7320462715,Earth
572,54191849,(2021 QC6),20.72,0.1907897226,0.4266187892,False,2021-10-29,37.79161277984859,15.0755161813,Earth
573,54212934,(2021 US2),23.71,0.0481454197,0.1076564312,False,2021-10-29,6.411098743362121,19.2435248762,Earth
574,54212946,(2021 UF3),29.12,0.0039861623,0.0089133299,False,2021-10-29,2.091907380185764,3.5706585456,Earth
575,54213275,(2021 UK3),24.48,0.0337718597,0.0755161741,False,2021-10-29,14.157399660767853,18.6805392383,Earth
576,54213621,(2021 UJ4),24.99,0.0267026877,0.0597090249,False,2021-10-29,11.475675406415387,14.0932932645,Earth
577,54214049,(2021 UT5),28.32,0.0057617575,0.0128836815,False,2021-10-29,0.306351664352728,12.1424294257,Earth
578,54214051,(2021 UV5),28.79,0.0046403953,0.0103762393,False,2021-10-29,0.11572203072998001,12.931534964,Earth
579,54216337,(2021 UF12),29.29,0.003685997,0.0082421398,False,2021-10-29,0.24154040674647298,15.7469783241,Earth
580,2086878,86878 (2000 HD24),17.66,0.7808272775,1.7459828712,False,2021-10-25,57.71189646249038,16.8288288892,Earth
581,2162567,162567 (2000 RW37),19.9,0.2783267681,0.6223575734,True,2021-10-25,52.12963876386804,13.5123764082,Earth
582,3120896,(2002 GD10),22.71,0.0763053479,0.1706239449,False,2021-10-25,54.917579764848334,10.7380248039,Earth
583,3550089,(2010 UY7),28.5,0.0053034072,0.0118587791,False,2021-10-25,39.18995267508655,12.1697312052,Earth
584,3557530,(2011 CE50),23.2,0.0608912622,0.1361570015,False,2021-10-25,66.28316155095547,18.3647877605,Earth
585,3781988,(2017 SJ20),22.34,0.0904804968,0.2023205415,False,2021-10-25,7.150271782250263,15.6536101558,Earth
586,3802441,(2018 GD2),29.4,0.0035039264,0.0078350176,False,2021-10-25,37.104795001197324,14.0509138397,Earth
587,54017167,(2020 KW2),18.86,0.4493191996,1.004708274,False,2021-10-25,48.10332589191774,35.5208190059,Earth
588,54135424,(2021 GM3),28.13,0.0062886146,0.0140617696,False,2021-10-25,39.399148975153935,4.9520608123,Earth
589,54137451,(2021 GM10),24.87,0.0282198679,0.063101543,False,2021-10-25,34.79037236826169,5.3455390116,Earth
590,54152388,(2021 KB3),25.18,0.0244655496,0.0547066321,False,2021-10-25,41.496985382681196,10.017190844,Earth
591,54203023,(2021 SK5),26.88,0.0111829138,0.0250057554,False,2021-10-25,8.098367880696234,2.114729696,Earth
592,54209486,(2021 TK15),21.87,0.1123453177,0.2512117673,True,2021-10-25,39.15305614066571,26.364469912,Earth
593,54209488,(2021 TO15),25.17,0.0245784775,0.0549591464,False,2021-10-25,2.7932440061152097,12.6324795217,Earth
594,54212443,(2021 UA1),31.84,0.001139082,0.0025470647,False,2021-10-25,0.009426685381245001,15.8350068603,Earth
595,54212682,(2021 UO1),28.03,0.0065849878,0.0147244804,False,2021-10-25,0.15243334802798,18.6167998947,Earth
596,54212689,(2021 UV1),27.39,0.0088420909,0.0197715164,False,2021-10-25,1.04641032263127,10.7899396831,Earth
597,54212696,(2021 UC2),27.56,0.0081762653,0.0182826851,False,2021-10-25,1.3450730155008859,7.5328480817,Earth
598,54212700,(2021 UF2),27.52,0.0083282735,0.0186225856,False,2021-10-25,1.421952811993225,4.6376654705,Earth
599,54212699,(2021 UG2),27.92,0.0069271561,0.015489592,False,2021-10-25,0.462661586865379,13.1316381915,Earth
600,54212936,(2021 UT2),25.48,0.0213086029,0.0476474846,False,2021-10-25,10.458802270668611,6.1846175431,Earth
601,2524522,524522 (2002 VE68),20.5,0.2111324448,0.4721064988,True,2021-10-26,56.145682864026845,21.1022342801,Earth
602,3536625,(2010 OA),20.44,0.2170475943,0.4853331752,False,2021-10-26,16.221447878417127,10.1559027824,Earth
603,3752409,(2016 HF2),26.1,0.0160160338,0.0358129403,False,2021-10-26,18.12375752116783,4.3684144175,Earth
604,3785790,(2017 TG5),25.1,0.0253837029,0.0567596853,False,2021-10-26,11.264033465409458,13.4957851454,Earth
605,3843371,(2019 OR1),20.97,0.1700415193,0.3802243961,True,2021-10-26,53.608977752627084,10.7706364859,Earth
606,3879728,(2019 UW6),26.6,0.0127219879,0.0284472297,False,2021-10-26,3.047015774069475,11.1055249805,Earth
607,54051185,(2020 QN1),23.2,0.0608912622,0.1361570015,False,2021-10-26,56.21770212100438,17.8796341989,Earth
608,54073338,(2020 TK7),29.63,0.0031517733,0.0070475794,False,2021-10-26,41.72227803956591,18.4465441852,Earth
609,54075297,(2020 UZ),22.1,0.1010543415,0.2259643771,False,2021-10-26,74.61273057609037,21.4672038254,Earth
610,54102019,(2020 YN3),23.37,0.056306039,0.1259041307,False,2021-10-26,39.038826378608555,7.759368957,Earth
611,54137512,(2021 GV12),23.11,0.0634680239,0.1419188158,False,2021-10-26,36.63103717184214,13.4286554305,Earth
612,54146678,(2021 KU),23.77,0.0468333233,0.1047224945,False,2021-10-26,57.23735089563113,13.6702848343,Earth
613,54194346,(2021 RV5),20.19,0.2435314063,0.5445527791,False,2021-10-26,53.07876931662527,19.3910774015,Earth
614,54211169,(2021 UM),24.38,0.0353634784,0.0790751417,False,2021-10-26,11.043397416223176,13.5423809052,Earth
615,54212932,(2021 UQ2),26.1,0.0160160338,0.0358129403,False,2021-10-26,1.121755364655705,17.7782874938,Earth
616,54212931,(2021 UR2),26.71,0.0120935826,0.0270420729,False,2021-10-26,3.6947728756733307,7.0314407651,Earth
617,54217194,(2021 VP4),25.312,0.0230226323,0.0514801708,False,2021-10-26,4.683915173936504,11.7372378524,Earth
618,2010165,10165 (1995 BL2),17.34,0.9048049682,2.0232054153,False,2021-10-27,61.98807561064199,20.6356790844,Earth
619,2087024,87024 (2000 JS66),18.68,0.4881518917,1.0915408131,False,2021-10-27,22.90674250821143,8.2639745644,Earth
620,3471585,(2009 UC),26.6,0.0127219879,0.0284472297,False,2021-10-27,53.1189105241279,18.2306665877,Earth
621,3609841,(2012 TN20),22.39,0.0884209093,0.1977151638,False,2021-10-27,23.53928381598035,10.5574581489,Earth
622,3623999,(2013 AG69),27.3,0.0092162655,0.0206081961,False,2021-10-27,54.964554932167886,17.0134076633,Earth
623,3744560,(2016 DB),28.5,0.0053034072,0.0118587791,False,2021-10-27,58.200429220757606,13.9096111333,Earth
624,3827321,(2018 RD2),27.08,0.0101989386,0.02280552,False,2021-10-27,46.590769728350494,15.3320324867,Earth
625,3872623,(2019 SK7),22.9,0.0699125232,0.1563291544,False,2021-10-27,68.43392143630923,21.7271569978,Earth
626,54079787,(2020 UK6),24.2,0.0384197891,0.0859092601,False,2021-10-27,33.43916604952783,19.3244843124,Earth
627,54158067,(2021 LT3),19.2,0.3841978911,0.8590926012,False,2021-10-27,65.50867618917022,24.5097884635,Earth
628,54200439,(2021 RH26),22.09,0.1015207872,0.2270073813,False,2021-10-27,39.10403423512796,7.7922374985,Earth
629,54200466,(2021 SX2),23.86,0.04493192,0.1004708274,False,2021-10-27,8.855423280492268,8.716857874,Earth
630,54203703,(2021 TT3),23.51,0.0527904029,0.1180429295,False,2021-10-27,27.95250348420566,9.2791897098,Earth
631,54209494,(2021 TD16),22.78,0.0738847787,0.1652113876,False,2021-10-27,9.956596491480191,20.2868444019,Earth
632,54212439,(2021 UV),26.39,0.0140137697,0.0313357417,False,2021-10-27,0.900705692318659,16.1214327252,Earth
633,54212440,(2021 UX),26.27,0.0148099972,0.0331161605,False,2021-10-27,1.104279132045287,18.8380732878,Earth
634,54212584,(2021 UC1),25.34,0.0227276732,0.0508206223,False,2021-10-27,4.742398172365593,8.2554672862,Earth
635,54212587,(2021 UH1),31.66,0.0012375278,0.0027671964,False,2021-10-27,0.071859905326406,6.1619734311,Earth
636,54212695,(2021 UB2),27.29,0.0092588058,0.0207033192,False,2021-10-27,0.942846320233208,14.0828207434,Earth
637,54213624,(2021 UM4),27.8,0.0073207399,0.016369672,False,2021-10-27,1.040335138170783,16.3459104967,Earth
638,54213627,(2021 UO4),26.32,0.0144728805,0.0323623447,False,2021-10-27,6.16507273424242,8.2046493919,Earth
639,54214061,(2021 UF6),25.82,0.0182202771,0.0407417781,False,2021-10-27,4.705098905518919,19.4243665267,Earth
640,54214722,(2021 UA7),28.76,0.0047049496,0.0105205872,False,2021-10-27,0.128193182363595,27.7716742743,Earth
641,54215209,(2021 VK),24.87,0.0282198679,0.063101543,False,2021-10-27,7.4828581857083,13.5030653938,Earth
642,54218578,(2021 VH8),25.154,0.0247602472,0.0553655959,False,2021-10-27,9.481095248548025,9.9527764468,Earth
643,54225733,(2021 WH6),23.625,0.0500673928,0.1119540938,False,2021-10-27,32.17943085473249,10.3117642716,Earth
